table_name,column_name,ordinal_position,is_nullable,data_type
applied_coupon,id,1,YES,STRING
applied_coupon,display_name,2,YES,STRING
applied_coupon,discounted_amount,3,YES,FLOAT64
applied_coupon,code,4,YES,STRING
applied_coupon,coupon_type,5,YES,INT64
applied_coupon,checkout_id,6,YES,STRING
applied_coupon,_fivetran_synced,7,YES,TIMESTAMP
applied_gift_certificate,code,1,YES,STRING
applied_gift_certificate,balance,2,YES,FLOAT64
applied_gift_certificate,purchase_date,3,YES,TIMESTAMP
applied_gift_certificate,remaining,4,YES,FLOAT64
applied_gift_certificate,used,5,YES,FLOAT64
applied_gift_certificate,checkout_id,6,YES,STRING
applied_gift_certificate,_fivetran_synced,7,YES,TIMESTAMP
available_filter,id,1,YES,STRING
available_filter,name,2,YES,STRING
available_filter,product_count,3,YES,INT64
available_filter,type,4,YES,STRING
available_filter,_fivetran_synced,5,YES,TIMESTAMP
available_filter,_fivetran_deleted,6,YES,BOOL
banner,id,1,YES,INT64
banner,name,2,YES,STRING
banner,visible,3,YES,STRING
banner,date_from,4,YES,STRING
banner,location,5,YES,STRING
banner,item_id,6,YES,STRING
banner,content,7,YES,STRING
banner,date_type,8,YES,STRING
banner,date_to,9,YES,STRING
banner,page,10,YES,STRING
banner,date_created,11,YES,TIMESTAMP
banner,_fivetran_synced,12,YES,TIMESTAMP
banner,_fivetran_deleted,13,YES,BOOL
brand,id,1,YES,INT64
brand,custom_url,2,YES,STRING
brand,custom_url_is_customized,3,YES,BOOL
brand,image_url,4,YES,STRING
brand,meta_description,5,YES,STRING
brand,name,6,YES,STRING
brand,page_title,7,YES,STRING
brand,search_keywords,8,YES,STRING
brand,_fivetran_synced,9,YES,TIMESTAMP
brand,_fivetran_deleted,10,YES,BOOL
brand_meta_keyword,meta_keyword_id,1,YES,STRING
brand_meta_keyword,brand_id,2,YES,INT64
brand_meta_keyword,_fivetran_synced,3,YES,TIMESTAMP
brand_meta_keyword,_fivetran_deleted,4,YES,BOOL
brand_metafield,permission_set,1,YES,STRING
brand_metafield,key,2,YES,STRING
brand_metafield,id,3,YES,INT64
brand_metafield,date_modified,4,YES,TIMESTAMP
brand_metafield,value,5,YES,STRING
brand_metafield,resource_type,6,YES,STRING
brand_metafield,namespace,7,YES,STRING
brand_metafield,date_created,8,YES,TIMESTAMP
brand_metafield,description,9,YES,STRING
brand_metafield,resource_id,10,YES,INT64
brand_metafield,brand_id,11,YES,INT64
brand_metafield,_fivetran_synced,12,YES,TIMESTAMP
brand_metafield,_fivetran_deleted,13,YES,BOOL
cart,tax_included,1,YES,BOOL
cart,channel_id,2,YES,INT64
cart,currency_code,3,YES,STRING
cart,updated_time,4,YES,TIMESTAMP
cart,id,5,YES,STRING
cart,email,6,YES,STRING
cart,cart_amount,7,YES,FLOAT64
cart,discount_amount,8,YES,FLOAT64
cart,base_amount,9,YES,FLOAT64
cart,locale,10,YES,STRING
cart,created_time,11,YES,TIMESTAMP
cart,customer_id,12,YES,INT64
cart,parent_id,13,YES,STRING
cart,_fivetran_synced,14,YES,TIMESTAMP
cart,_fivetran_deleted,15,YES,BOOL
cart_coupon,id,1,YES,STRING
cart_coupon,code,2,YES,STRING
cart_coupon,coupon_type,3,YES,INT64
cart_coupon,discounted_amount,4,YES,FLOAT64
cart_coupon,cart_id,5,YES,STRING
cart_coupon,_fivetran_synced,6,YES,TIMESTAMP
cart_coupon,_fivetran_deleted,7,YES,BOOL
cart_custom_item,id,1,YES,STRING
cart_custom_item,extended_list_price,2,YES,INT64
cart_custom_item,list_price,3,YES,INT64
cart_custom_item,name,4,YES,STRING
cart_custom_item,quantity,5,YES,INT64
cart_custom_item,sku,6,YES,STRING
cart_custom_item,cart_id,7,YES,STRING
cart_custom_item,_fivetran_synced,8,YES,TIMESTAMP
cart_custom_item,_fivetran_deleted,9,YES,BOOL
cart_digital_item,product_id,1,YES,INT64
cart_digital_item,sku,2,YES,STRING
cart_digital_item,url,3,YES,STRING
cart_digital_item,brand,4,YES,STRING
cart_digital_item,list_price,5,YES,INT64
cart_digital_item,id,6,YES,STRING
cart_digital_item,is_taxable,7,YES,BOOL
cart_digital_item,discount_amount,8,YES,FLOAT64
cart_digital_item,name,9,YES,STRING
cart_digital_item,variant_id,10,YES,INT64
cart_digital_item,extended_sale_price,11,YES,INT64
cart_digital_item,quantity,12,YES,INT64
cart_digital_item,sale_price,13,YES,INT64
cart_digital_item,parent_id,14,YES,STRING
cart_digital_item,extended_list_price,15,YES,INT64
cart_digital_item,image_url,16,YES,STRING
cart_digital_item,coupon_amount,17,YES,INT64
cart_digital_item,cart_id,18,YES,STRING
cart_digital_item,_fivetran_synced,19,YES,TIMESTAMP
cart_digital_item,_fivetran_deleted,20,YES,BOOL
cart_discount,id,1,YES,STRING
cart_discount,discounted_amount,2,YES,FLOAT64
cart_discount,cart_id,3,YES,STRING
cart_discount,_fivetran_synced,4,YES,TIMESTAMP
cart_discount,_fivetran_deleted,5,YES,BOOL
cart_gift_certificate_item,message,1,YES,STRING
cart_gift_certificate_item,sender_name,2,YES,STRING
cart_gift_certificate_item,recipient_email,3,YES,STRING
cart_gift_certificate_item,sender_email,4,YES,STRING
cart_gift_certificate_item,id,5,YES,STRING
cart_gift_certificate_item,is_taxable,6,YES,BOOL
cart_gift_certificate_item,name,7,YES,STRING
cart_gift_certificate_item,amount,8,YES,INT64
cart_gift_certificate_item,recipient_name,9,YES,STRING
cart_gift_certificate_item,cart_id,10,YES,STRING
cart_gift_certificate_item,_fivetran_synced,11,YES,TIMESTAMP
cart_gift_certificate_item,_fivetran_deleted,12,YES,BOOL
cart_physical_item,product_id,1,YES,INT64
cart_physical_item,gift_wrapping_name,2,YES,STRING
cart_physical_item,sku,3,YES,STRING
cart_physical_item,url,4,YES,STRING
cart_physical_item,brand,5,YES,STRING
cart_physical_item,list_price,6,YES,INT64
cart_physical_item,id,7,YES,STRING
cart_physical_item,is_taxable,8,YES,BOOL
cart_physical_item,discount_amount,9,YES,FLOAT64
cart_physical_item,name,10,YES,STRING
cart_physical_item,variant_id,11,YES,INT64
cart_physical_item,extended_sale_price,12,YES,INT64
cart_physical_item,quantity,13,YES,INT64
cart_physical_item,is_shipping_required,14,YES,BOOL
cart_physical_item,sale_price,15,YES,INT64
cart_physical_item,parent_id,16,YES,INT64
cart_physical_item,extended_list_price,17,YES,INT64
cart_physical_item,gift_wrapping_message,18,YES,STRING
cart_physical_item,image_url,19,YES,STRING
cart_physical_item,gift_wrapping_amount,20,YES,FLOAT64
cart_physical_item,coupon_amount,21,YES,INT64
cart_physical_item,cart_id,22,YES,STRING
cart_physical_item,_fivetran_synced,23,YES,TIMESTAMP
cart_physical_item,_fivetran_deleted,24,YES,BOOL
catalog_variant,id,1,YES,INT64
catalog_variant,inventory_level,2,YES,INT64
catalog_variant,product_id,3,YES,INT64
catalog_variant,width,4,YES,FLOAT64
catalog_variant,sku,5,YES,STRING
catalog_variant,height,6,YES,FLOAT64
catalog_variant,purchasing_disabled,7,YES,BOOL
catalog_variant,cost_price,8,YES,FLOAT64
catalog_variant,calculated_price,9,YES,FLOAT64
catalog_variant,bin_picking_number,10,YES,STRING
catalog_variant,fixed_cost_shipping_price,11,YES,FLOAT64
catalog_variant,upc,12,YES,STRING
catalog_variant,is_free_shipping,13,YES,BOOL
catalog_variant,sale_price,14,YES,FLOAT64
catalog_variant,retail_price,15,YES,FLOAT64
catalog_variant,inventory_warning_level,16,YES,INT64
catalog_variant,depth,17,YES,FLOAT64
catalog_variant,price,18,YES,FLOAT64
catalog_variant,purchasing_disabled_message,19,YES,STRING
catalog_variant,weight,20,YES,FLOAT64
catalog_variant,sku_id,21,YES,INT64
catalog_variant,_fivetran_synced,22,YES,TIMESTAMP
catalog_variant,_fivetran_deleted,23,YES,BOOL
catalog_variant_metafield,permission_set,1,YES,STRING
catalog_variant_metafield,key,2,YES,STRING
catalog_variant_metafield,id,3,YES,INT64
catalog_variant_metafield,date_modified,4,YES,TIMESTAMP
catalog_variant_metafield,value,5,YES,STRING
catalog_variant_metafield,resource_type,6,YES,STRING
catalog_variant_metafield,namespace,7,YES,STRING
catalog_variant_metafield,date_created,8,YES,TIMESTAMP
catalog_variant_metafield,description,9,YES,STRING
catalog_variant_metafield,resource_id,10,YES,INT64
catalog_variant_metafield,catalog_variant_id,11,YES,INT64
catalog_variant_metafield,product_id,12,YES,INT64
catalog_variant_metafield,_fivetran_synced,13,YES,TIMESTAMP
catalog_variant_metafield,_fivetran_deleted,14,YES,BOOL
catalog_variant_option_value,id,1,YES,INT64
catalog_variant_option_value,label,2,YES,STRING
catalog_variant_option_value,option_display_name,3,YES,STRING
catalog_variant_option_value,option_id,4,YES,INT64
catalog_variant_option_value,variant_id,5,YES,INT64
catalog_variant_option_value,_fivetran_synced,6,YES,TIMESTAMP
catalog_variant_option_value,_fivetran_deleted,7,YES,BOOL
category_metafield,permission_set,1,YES,STRING
category_metafield,key,2,YES,STRING
category_metafield,id,3,YES,INT64
category_metafield,date_modified,4,YES,TIMESTAMP
category_metafield,value,5,YES,STRING
category_metafield,resource_type,6,YES,STRING
category_metafield,namespace,7,YES,STRING
category_metafield,date_created,8,YES,TIMESTAMP
category_metafield,description,9,YES,STRING
category_metafield,resource_id,10,YES,INT64
category_metafield,category_id,11,YES,INT64
category_metafield,_fivetran_synced,12,YES,TIMESTAMP
category_metafield,_fivetran_deleted,13,YES,BOOL
category_setting,_fivetran_id,1,YES,STRING
category_setting,category_tree_depth,2,YES,INT64
category_setting,default_product_sort,3,YES,STRING
category_setting,listing_mode,4,YES,STRING
category_setting,_fivetran_synced,5,YES,TIMESTAMP
category_setting,_fivetran_deleted,6,YES,BOOL
category_tree,category_id,1,YES,INT64
category_tree,meta_description,2,YES,STRING
category_tree,category_uuid,3,YES,STRING
category_tree,is_visible,4,YES,BOOL
category_tree,sort_order,5,YES,INT64
category_tree,default_product_sort,6,YES,STRING
category_tree,path,7,YES,STRING
category_tree,page_title,8,YES,STRING
category_tree,is_customized,9,YES,BOOL
category_tree,name,10,YES,STRING
category_tree,search_keywords,11,YES,STRING
category_tree,views,12,YES,INT64
category_tree,tree_id,13,YES,INT64
category_tree,parent_id,14,YES,INT64
category_tree,image_url,15,YES,STRING
category_tree,description,16,YES,STRING
category_tree,layout_file,17,YES,STRING
category_tree,_fivetran_synced,18,YES,TIMESTAMP
category_tree,_fivetran_deleted,19,YES,BOOL
category_tree_meta_keyword,meta_keyword_id,1,YES,STRING
category_tree_meta_keyword,category_id,2,YES,INT64
category_tree_meta_keyword,_fivetran_synced,3,YES,TIMESTAMP
category_tree_meta_keyword,_fivetran_deleted,4,YES,BOOL
channel,is_visible,1,YES,BOOL
channel,external_id,2,YES,STRING
channel,is_listable_from_ui,3,YES,BOOL
channel,id,4,YES,INT64
channel,date_modified,5,YES,TIMESTAMP
channel,name,6,YES,STRING
channel,status,7,YES,STRING
channel,type,8,YES,STRING
channel,is_enabled,9,YES,BOOL
channel,icon_url,10,YES,STRING
channel,platform,11,YES,STRING
channel,date_created,12,YES,TIMESTAMP
channel,_fivetran_synced,13,YES,TIMESTAMP
channel,_fivetran_deleted,14,YES,BOOL
channel_active_theme,active_theme_uuid,1,YES,STRING
channel_active_theme,active_theme_configuration_uuid,2,YES,STRING
channel_active_theme,active_theme_version_uuid,3,YES,STRING
channel_active_theme,saved_theme_configuration_uuid,4,YES,STRING
channel_active_theme,channel_id,5,YES,INT64
channel_active_theme,_fivetran_synced,6,YES,TIMESTAMP
channel_active_theme,_fivetran_deleted,7,YES,BOOL
channel_app,id,1,YES,INT64
channel_app,channel_id,2,YES,INT64
channel_app,_fivetran_synced,3,YES,TIMESTAMP
channel_currency_assignment,channel_id,1,YES,INT64
channel_currency_assignment,default_currency,2,YES,STRING
channel_currency_assignment,_fivetran_synced,3,YES,TIMESTAMP
channel_currency_assignment,_fivetran_deleted,4,YES,BOOL
channel_enabled_currency,channel_id,1,YES,INT64
channel_enabled_currency,enabled_currency,2,YES,STRING
channel_enabled_currency,_fivetran_synced,3,YES,TIMESTAMP
channel_enabled_currency,_fivetran_deleted,4,YES,BOOL
channel_listing,listing_id,1,YES,INT64
channel_listing,date_created,2,YES,TIMESTAMP
channel_listing,date_modified,3,YES,TIMESTAMP
channel_listing,description,4,YES,STRING
channel_listing,external_id,5,YES,STRING
channel_listing,name,6,YES,STRING
channel_listing,product_id,7,YES,INT64
channel_listing,state,8,YES,STRING
channel_listing,channel_id,9,YES,INT64
channel_listing,_fivetran_synced,10,YES,TIMESTAMP
channel_variant,product_id,1,YES,INT64
channel_variant,channel_id,2,YES,INT64
channel_variant,external_id,3,YES,STRING
channel_variant,date_modified,4,YES,TIMESTAMP
channel_variant,name,5,YES,STRING
channel_variant,variant_id,6,YES,INT64
channel_variant,state,7,YES,STRING
channel_variant,date_created,8,YES,TIMESTAMP
channel_variant,description,9,YES,STRING
channel_variant,channel_listing_id,10,YES,INT64
channel_variant,_fivetran_synced,11,YES,TIMESTAMP
checkout,tax_total,1,YES,FLOAT64
checkout,shipping_cost_total,2,YES,FLOAT64
checkout,is_store_credit_applied,3,YES,BOOL
checkout,sub_total,4,YES,FLOAT64
checkout,outstanding_balance,5,YES,INT64
checkout,updated_time,6,YES,STRING
checkout,id,7,YES,STRING
checkout,grand_total,8,YES,FLOAT64
checkout,created_time,9,YES,STRING
checkout,order_id,10,YES,STRING
checkout,cart_id,11,YES,STRING
checkout,gift_wrapping_cost_total,12,YES,FLOAT64
checkout,customer_message,13,YES,STRING
checkout,handling_cost_total,14,YES,FLOAT64
checkout,billing_addresscountry,15,YES,STRING
checkout,billing_addresscity,16,YES,STRING
checkout,billing_addresscompany,17,YES,STRING
checkout,billing_addresspostal_code,18,YES,STRING
checkout,billing_addressid,19,YES,STRING
checkout,billing_addressemail,20,YES,STRING
checkout,billing_addresscountry_code,21,YES,STRING
checkout,billing_addressaddress_2,22,YES,STRING
checkout,billing_addressaddress_1,23,YES,STRING
checkout,billing_addressstate_or_province_code,24,YES,STRING
checkout,billing_addresslast_name,25,YES,STRING
checkout,billing_addressfirst_name,26,YES,STRING
checkout,billing_addressphone,27,YES,STRING
checkout,billing_addressstate_or_province,28,YES,STRING
checkout,billing_address_country,29,YES,STRING
checkout,billing_address_city,30,YES,STRING
checkout,billing_address_company,31,YES,STRING
checkout,billing_address_postal_code,32,YES,STRING
checkout,billing_address_id,33,YES,STRING
checkout,billing_address_email,34,YES,STRING
checkout,billing_address_country_code,35,YES,STRING
checkout,billing_address_address_2,36,YES,STRING
checkout,billing_address_address_1,37,YES,STRING
checkout,billing_address_state_or_province_code,38,YES,STRING
checkout,billing_address_last_name,39,YES,STRING
checkout,billing_address_first_name,40,YES,STRING
checkout,billing_address_phone,41,YES,STRING
checkout,billing_address_state_or_province,42,YES,STRING
checkout,_fivetran_synced,43,YES,TIMESTAMP
checkout_billing_address_custom_field,checkout_id,1,YES,STRING
checkout_billing_address_custom_field,_fivetran_synced,2,YES,TIMESTAMP
consignment,selected_shipping_option_image_url,1,YES,STRING
consignment,address_2,2,YES,STRING
consignment,selected_shipping_option_type,3,YES,STRING
consignment,address_1,4,YES,STRING
consignment,shipping_cost,5,YES,FLOAT64
consignment,country,6,YES,STRING
consignment,city,7,YES,STRING
consignment,company,8,YES,STRING
consignment,postal_code,9,YES,STRING
consignment,selected_shipping_option_description,10,YES,STRING
consignment,id,11,YES,STRING
consignment,email,12,YES,STRING
consignment,country_code,13,YES,STRING
consignment,selected_shipping_option_cost,14,YES,FLOAT64
consignment,state_or_province_code,15,YES,STRING
consignment,last_name,16,YES,STRING
consignment,first_name,17,YES,STRING
consignment,phone,18,YES,STRING
consignment,selected_shipping_option_transit_time,19,YES,STRING
consignment,state_or_province,20,YES,STRING
consignment,selected_shipping_option_id,21,YES,STRING
consignment,handling_cost,22,YES,FLOAT64
consignment,checkout_id,23,YES,STRING
consignment,_fivetran_synced,24,YES,TIMESTAMP
consignment_billing_address_custom_field,consignment_id,1,YES,STRING
consignment_billing_address_custom_field,_fivetran_synced,2,YES,TIMESTAMP
consignment_coupon_discount,code,1,YES,STRING
consignment_coupon_discount,amount,2,YES,FLOAT64
consignment_coupon_discount,consignment_id,3,YES,STRING
consignment_coupon_discount,_fivetran_synced,4,YES,TIMESTAMP
consignment_discount,id,1,YES,STRING
consignment_discount,consignment_id,2,YES,STRING
consignment_discount,_fivetran_synced,3,YES,TIMESTAMP
consignment_line_item,id,1,YES,STRING
consignment_line_item,consignment_id,2,YES,STRING
consignment_line_item,_fivetran_synced,3,YES,TIMESTAMP
consignment_shipping_option,id,1,YES,STRING
consignment_shipping_option,cost,2,YES,FLOAT64
consignment_shipping_option,description,3,YES,STRING
consignment_shipping_option,image_url,4,YES,STRING
consignment_shipping_option,is_recommended,5,YES,BOOL
consignment_shipping_option,transit_time,6,YES,STRING
consignment_shipping_option,type,7,YES,STRING
consignment_shipping_option,consignment_id,8,YES,STRING
consignment_shipping_option,_fivetran_synced,9,YES,TIMESTAMP
contextual_filter,category_id,1,YES,INT64
contextual_filter,channel_id,2,YES,INT64
contextual_filter,enabled_filter_id,3,YES,STRING
contextual_filter,_fivetran_synced,4,YES,TIMESTAMP
contextual_filter,_fivetran_deleted,5,YES,BOOL
country,id,1,YES,INT64
country,country,2,YES,STRING
country,country_iso_2,3,YES,STRING
country,country_iso_3,4,YES,STRING
country,state_resource,5,YES,STRING
country,state_url,6,YES,STRING
country,_fivetran_synced,7,YES,TIMESTAMP
country,_fivetran_deleted,8,YES,BOOL
country_state,country_id,1,YES,INT64
country_state,id,2,YES,INT64
country_state,state,3,YES,STRING
country_state,state_abbreviation,4,YES,STRING
country_state,_fivetran_synced,5,YES,TIMESTAMP
country_state,_fivetran_deleted,6,YES,BOOL
coupon,id,1,YES,INT64
coupon,enabled,2,YES,BOOL
coupon,name,3,YES,STRING
coupon,num_uses,4,YES,INT64
coupon,min_purchase,5,YES,STRING
coupon,expires,6,YES,STRING
coupon,max_uses_per_customer,7,YES,INT64
coupon,type,8,YES,STRING
coupon,amount,9,YES,STRING
coupon,max_uses,10,YES,INT64
coupon,code,11,YES,STRING
coupon,date_created,12,YES,TIMESTAMP
coupon,_fivetran_synced,13,YES,TIMESTAMP
coupon,_fivetran_deleted,14,YES,BOOL
coupon_country_restriction,country_id,1,YES,STRING
coupon_country_restriction,coupon_id,2,YES,INT64
coupon_country_restriction,_fivetran_synced,3,YES,TIMESTAMP
coupon_country_restriction,_fivetran_deleted,4,YES,BOOL
coupon_entity,coupon_id,1,YES,INT64
coupon_entity,entity_id,2,YES,INT64
coupon_entity,entity_type,3,YES,STRING
coupon_entity,_fivetran_synced,4,YES,TIMESTAMP
coupon_entity,_fivetran_deleted,5,YES,BOOL
coupon_state_restriction,index,1,YES,INT64
coupon_state_restriction,country,2,YES,STRING
coupon_state_restriction,state,3,YES,STRING
coupon_state_restriction,coupon_id,4,YES,INT64
coupon_state_restriction,_fivetran_synced,5,YES,TIMESTAMP
coupon_state_restriction,_fivetran_deleted,6,YES,BOOL
coupon_zip_restriction,index,1,YES,INT64
coupon_zip_restriction,country,2,YES,STRING
coupon_zip_restriction,zip,3,YES,STRING
coupon_zip_restriction,coupon_id,4,YES,INT64
coupon_zip_restriction,_fivetran_synced,5,YES,TIMESTAMP
coupon_zip_restriction,_fivetran_deleted,6,YES,BOOL
currency,id,1,YES,INT64
currency,is_default,2,YES,BOOL
currency,token,3,YES,STRING
currency,currency_code,4,YES,STRING
currency,enabled,5,YES,BOOL
currency,name,6,YES,STRING
currency,auto_update,7,YES,BOOL
currency,decimal_token,8,YES,STRING
currency,decimal_places,9,YES,INT64
currency,token_location,10,YES,STRING
currency,currency_exchange_rate,11,YES,FLOAT64
currency,country_iso_2,12,YES,STRING
currency,last_updated,13,YES,TIMESTAMP
currency,thousands_token,14,YES,STRING
currency,is_transactional,15,YES,BOOL
currency,_fivetran_synced,16,YES,TIMESTAMP
currency,_fivetran_deleted,17,YES,BOOL
custom_template_association,id,1,YES,INT64
custom_template_association,channel_id,2,YES,INT64
custom_template_association,date_created,3,YES,TIMESTAMP
custom_template_association,date_modified,4,YES,TIMESTAMP
custom_template_association,entity_id,5,YES,INT64
custom_template_association,entity_type,6,YES,STRING
custom_template_association,file_name,7,YES,STRING
custom_template_association,is_valid,8,YES,BOOL
custom_template_association,_fivetran_synced,9,YES,TIMESTAMP
custom_template_association,_fivetran_deleted,10,YES,BOOL
customer,customer_group_id,1,YES,INT64
customer,company,2,YES,STRING
customer,address_count,3,YES,INT64
customer,tax_exempt_category,4,YES,STRING
customer,force_password_reset,5,YES,BOOL
customer,id,6,YES,INT64
customer,email,7,YES,STRING
customer,attribute_count,8,YES,INT64
customer,date_modified,9,YES,TIMESTAMP
customer,last_name,10,YES,STRING
customer,first_name,11,YES,STRING
customer,phone,12,YES,STRING
customer,registration_ip_address,13,YES,STRING
customer,notes,14,YES,STRING
customer,origin_channel_id,15,YES,INT64
customer,accepts_product_review_abandoned_cart_emails,16,YES,BOOL
customer,date_created,17,YES,TIMESTAMP
customer,_fivetran_synced,18,YES,TIMESTAMP
customer,_fivetran_deleted,19,YES,BOOL
customer_address,address_2,1,YES,STRING
customer_address,address_1,2,YES,STRING
customer_address,address_type,3,YES,STRING
customer_address,country,4,YES,STRING
customer_address,city,5,YES,STRING
customer_address,company,6,YES,STRING
customer_address,postal_code,7,YES,STRING
customer_address,id,8,YES,STRING
customer_address,country_code,9,YES,STRING
customer_address,last_name,10,YES,STRING
customer_address,first_name,11,YES,STRING
customer_address,phone,12,YES,STRING
customer_address,state_or_province,13,YES,STRING
customer_address,customer_id,14,YES,INT64
customer_address,_fivetran_synced,15,YES,TIMESTAMP
customer_address,_fivetran_deleted,16,YES,BOOL
customer_address_form_field,name,1,YES,STRING
customer_address_form_field,value,2,YES,JSON
customer_address_form_field,customer_address_id,3,YES,STRING
customer_address_form_field,_fivetran_synced,4,YES,TIMESTAMP
customer_address_form_field,_fivetran_deleted,5,YES,BOOL
customer_allow_consent,index,1,YES,INT64
customer_allow_consent,allow,2,YES,STRING
customer_allow_consent,customer_id,3,YES,INT64
customer_allow_consent,updated_at,4,YES,TIMESTAMP
customer_allow_consent,_fivetran_synced,5,YES,TIMESTAMP
customer_allow_consent,_fivetran_deleted,6,YES,BOOL
customer_attribute_value,id,1,YES,INT64
customer_attribute_value,attribute_id,2,YES,INT64
customer_attribute_value,attribute_value,3,YES,STRING
customer_attribute_value,date_created,4,YES,TIMESTAMP
customer_attribute_value,date_modified,5,YES,TIMESTAMP
customer_attribute_value,customer_id,6,YES,INT64
customer_attribute_value,_fivetran_synced,7,YES,TIMESTAMP
customer_channel,channel_id,1,YES,INT64
customer_channel,customer_id,2,YES,INT64
customer_channel,_fivetran_synced,3,YES,TIMESTAMP
customer_deny_consent,index,1,YES,INT64
customer_deny_consent,deny,2,YES,STRING
customer_deny_consent,customer_id,3,YES,INT64
customer_deny_consent,updated_at,4,YES,TIMESTAMP
customer_deny_consent,_fivetran_synced,5,YES,TIMESTAMP
customer_deny_consent,_fivetran_deleted,6,YES,BOOL
customer_form_field,name,1,YES,STRING
customer_form_field,value,2,YES,JSON
customer_form_field,customer_id,3,YES,INT64
customer_form_field,_fivetran_synced,4,YES,TIMESTAMP
customer_form_field,_fivetran_deleted,5,YES,BOOL
customer_group,id,1,YES,INT64
customer_group,is_default,2,YES,BOOL
customer_group,is_group_for_guests,3,YES,BOOL
customer_group,name,4,YES,STRING
customer_group,_fivetran_synced,5,YES,TIMESTAMP
customer_group,_fivetran_deleted,6,YES,BOOL
customer_group_category_access,category_id,1,YES,INT64
customer_group_category_access,customer_group_id,2,YES,INT64
customer_group_category_access,type,3,YES,STRING
customer_group_category_access,_fivetran_synced,4,YES,TIMESTAMP
customer_group_category_access,_fivetran_deleted,5,YES,BOOL
customer_group_discount_rule,type,1,YES,STRING
customer_group_discount_rule,amount,2,YES,STRING
customer_group_discount_rule,method,3,YES,STRING
customer_group_discount_rule,price_list_id,4,YES,INT64
customer_group_discount_rule,customer_group_id,5,YES,INT64
customer_group_discount_rule,_fivetran_synced,6,YES,TIMESTAMP
customer_group_discount_rule,_fivetran_deleted,7,YES,BOOL
customer_setting,_fivetran_id,1,YES,STRING
customer_setting,ask_shopper_for_tracking_consent,2,YES,BOOL
customer_setting,default_customer_group_id,3,YES,INT64
customer_setting,guest_customer_group_id,4,YES,INT64
customer_setting,policy_url,5,YES,STRING
customer_setting,_fivetran_synced,6,YES,TIMESTAMP
customer_setting,_fivetran_deleted,7,YES,BOOL
customer_setting_per_channel,ask_shopper_for_tracking_consent,1,YES,BOOL
customer_setting_per_channel,default_customer_group_id,2,YES,INT64
customer_setting_per_channel,guest_customer_group_id,3,YES,INT64
customer_setting_per_channel,policy_url,4,YES,STRING
customer_setting_per_channel,_fivetran_id,5,YES,STRING
customer_setting_per_channel,channel_id,6,YES,INT64
customer_setting_per_channel,_fivetran_synced,7,YES,TIMESTAMP
customer_setting_per_channel,allow_global_logins,8,YES,BOOL
customer_setting_per_channel,_fivetran_deleted,9,YES,BOOL
customer_store_credit,index,1,YES,INT64
customer_store_credit,amount,2,YES,FLOAT64
customer_store_credit,customer_id,3,YES,INT64
customer_store_credit,_fivetran_synced,4,YES,TIMESTAMP
customer_store_credit,_fivetran_deleted,5,YES,BOOL
digital_line_item_discount,id,1,YES,INT64
digital_line_item_discount,discounted_amount,2,YES,FLOAT64
digital_line_item_discount,digital_item_id,3,YES,STRING
digital_line_item_discount,_fivetran_synced,4,YES,TIMESTAMP
digital_line_item_discount,_fivetran_deleted,5,YES,BOOL
digital_line_item_option,name_id,1,YES,INT64
digital_line_item_option,name,2,YES,STRING
digital_line_item_option,value,3,YES,STRING
digital_line_item_option,value_id,4,YES,INT64
digital_line_item_option,digital_item_id,5,YES,STRING
digital_line_item_option,_fivetran_synced,6,YES,TIMESTAMP
digital_line_item_option,_fivetran_deleted,7,YES,BOOL
email_setting,_fivetran_id,1,YES,STRING
email_setting,abandoned_cart_email,2,YES,BOOL
email_setting,create_account_email,3,YES,BOOL
email_setting,gift_certificate_email,4,YES,BOOL
email_setting,combined_order_status_email,5,YES,BOOL
email_setting,create_guest_account_email,6,YES,BOOL
email_setting,invoice_email,7,YES,BOOL
email_setting,account_details_changed_email,8,YES,BOOL
email_setting,return_confirmation_email,9,YES,BOOL
email_setting,product_review_email,10,YES,BOOL
email_setting,return_statuschange_email,11,YES,BOOL
email_setting,order_message_notification_email,12,YES,BOOL
email_setting,_fivetran_synced,13,YES,TIMESTAMP
email_setting,_fivetran_deleted,14,YES,BOOL
email_template,type_id,1,YES,STRING
email_template,body,2,YES,STRING
email_template,subject,3,YES,STRING
email_template,_fivetran_synced,4,YES,TIMESTAMP
email_template,_fivetran_deleted,5,YES,BOOL
email_template_translation,email_template_type_id,1,YES,STRING
email_template_translation,index,2,YES,INT64
email_template_translation,keys,3,YES,JSON
email_template_translation,locale,4,YES,STRING
email_template_translation,_fivetran_synced,5,YES,TIMESTAMP
email_template_translation,_fivetran_deleted,6,YES,BOOL
enabled_filter,id,1,YES,STRING
enabled_filter,collapsed_by_default,2,YES,BOOL
enabled_filter,display_name,3,YES,STRING
enabled_filter,display_product_count,4,YES,BOOL
enabled_filter,is_enabled,5,YES,BOOL
enabled_filter,items_to_show,6,YES,INT64
enabled_filter,sort_by,7,YES,STRING
enabled_filter,type,8,YES,STRING
enabled_filter,_fivetran_synced,9,YES,TIMESTAMP
enabled_filter,_fivetran_deleted,10,YES,BOOL
gift_certificate,expiry_date,1,YES,TIMESTAMP
gift_certificate,message,2,YES,STRING
gift_certificate,balance,3,YES,FLOAT64
gift_certificate,id,4,YES,INT64
gift_certificate,from_email,5,YES,STRING
gift_certificate,to_name,6,YES,STRING
gift_certificate,order_id,7,YES,INT64
gift_certificate,status,8,YES,STRING
gift_certificate,customer_id,9,YES,INT64
gift_certificate,amount,10,YES,FLOAT64
gift_certificate,template,11,YES,STRING
gift_certificate,to_email,12,YES,STRING
gift_certificate,purchase_date,13,YES,TIMESTAMP
gift_certificate,code,14,YES,STRING
gift_certificate,from_name,15,YES,STRING
gift_certificate,_fivetran_synced,16,YES,TIMESTAMP
gift_certificate,_fivetran_deleted,17,YES,BOOL
locale_setting,_fivetran_id,1,YES,STRING
locale_setting,default_shopper_language,2,YES,STRING
locale_setting,shopper_language_selection_method,3,YES,STRING
locale_setting,store_country,4,YES,STRING
locale_setting,_fivetran_synced,5,YES,TIMESTAMP
locale_setting,_fivetran_deleted,6,YES,BOOL
order_billing_address_form_field,order_id,1,YES,INT64
order_billing_address_form_field,name,2,YES,STRING
order_billing_address_form_field,value,3,YES,JSON
order_billing_address_form_field,_fivetran_synced,4,YES,TIMESTAMP
order_billing_address_form_field,_fivetran_deleted,5,YES,BOOL
order_coupon,id,1,YES,INT64
order_coupon,amount,2,YES,FLOAT64
order_coupon,code,3,YES,STRING
order_coupon,coupon_id,4,YES,INT64
order_coupon,discount,5,YES,FLOAT64
order_coupon,type,6,YES,INT64
order_coupon,order_id,7,YES,INT64
order_coupon,_fivetran_synced,8,YES,TIMESTAMP
order_coupon,_fivetran_deleted,9,YES,BOOL
order_message,message,1,YES,STRING
order_message,id,2,YES,INT64
order_message,is_flagged,3,YES,BOOL
order_message,status,4,YES,STRING
order_message,subject,5,YES,STRING
order_message,staff_id,6,YES,INT64
order_message,customer_id,7,YES,INT64
order_message,type,8,YES,STRING
order_message,date_created,9,YES,TIMESTAMP
order_message,order_id,10,YES,INT64
order_message,_fivetran_synced,11,YES,TIMESTAMP
order_message,_fivetran_deleted,12,YES,BOOL
order_metafield,permission_set,1,YES,STRING
order_metafield,key,2,YES,STRING
order_metafield,id,3,YES,INT64
order_metafield,value,4,YES,STRING
order_metafield,updated_at,5,YES,TIMESTAMP
order_metafield,resource_type,6,YES,STRING
order_metafield,created_at,7,YES,TIMESTAMP
order_metafield,namespace,8,YES,STRING
order_metafield,description,9,YES,STRING
order_metafield,resource_id,10,YES,STRING
order_metafield,order_id,11,YES,INT64
order_metafield,_fivetran_synced,12,YES,TIMESTAMP
order_product,order_id,1,YES,INT64
order_product,id,2,YES,INT64
order_product,product_id,3,YES,INT64
order_product,cost_price_inc_tax,4,YES,FLOAT64
order_product,base_wrapping_cost,5,YES,STRING
order_product,total_inc_tax,6,YES,FLOAT64
order_product,wrapping_cost_ex_tax,7,YES,FLOAT64
order_product,sku,8,YES,STRING
order_product,quantity_shipped,9,YES,INT64
order_product,event_date,10,YES,TIMESTAMP
order_product,return_id,11,YES,INT64
order_product,base_total,12,YES,STRING
order_product,price_ex_tax,13,YES,FLOAT64
order_product,option_set_id,14,YES,INT64
order_product,is_bundled_product,15,YES,BOOL
order_product,external_id,16,YES,STRING
order_product,wrapping_cost_inc_tax,17,YES,FLOAT64
order_product,price_inc_tax,18,YES,FLOAT64
order_product,cost_price_tax,19,YES,FLOAT64
order_product,wrapping_name,20,YES,STRING
order_product,refunded_amount,21,YES,STRING
order_product,total_ex_tax,22,YES,FLOAT64
order_product,bin_picking_number,23,YES,STRING
order_product,name_customer,24,YES,STRING
order_product,wrapping_message,25,YES,STRING
order_product,name,26,YES,STRING
order_product,variant_id,27,YES,INT64
order_product,quantity,28,YES,INT64
order_product,cost_price_ex_tax,29,YES,FLOAT64
order_product,ebay_transaction_id,30,YES,STRING
order_product,wrapping_cost_tax,31,YES,FLOAT64
order_product,is_refunded,32,YES,BOOL
order_product,upc,33,YES,STRING
order_product,fixed_shipping_cost,34,YES,STRING
order_product,order_address_id,35,YES,INT64
order_product,type,36,YES,STRING
order_product,name_merchant,37,YES,STRING
order_product,parent_order_product_id,38,YES,INT64
order_product,ebay_item_id,39,YES,STRING
order_product,base_price,40,YES,STRING
order_product,event_name,41,YES,STRING
order_product,base_cost_price,42,YES,STRING
order_product,weight,43,YES,STRING
order_product,price_tax,44,YES,FLOAT64
order_product,total_tax,45,YES,FLOAT64
order_product,_fivetran_synced,46,YES,TIMESTAMP
order_product,_fivetran_deleted,47,YES,BOOL
order_product_discount,order_product_id,1,YES,INT64
order_product_discount,id,2,YES,STRING
order_product_discount,amount,3,YES,STRING
order_product_discount,code,4,YES,STRING
order_product_discount,name,5,YES,STRING
order_product_discount,target,6,YES,STRING
order_product_discount,_fivetran_synced,7,YES,TIMESTAMP
order_product_discount,_fivetran_deleted,8,YES,BOOL
order_product_option,display_value_customer,1,YES,STRING
order_product_option,display_style,2,YES,STRING
order_product_option,display_value,3,YES,STRING
order_product_option,option_id,4,YES,INT64
order_product_option,id,5,YES,INT64
order_product_option,name,6,YES,STRING
order_product_option,value,7,YES,STRING
order_product_option,display_name_merchant,8,YES,STRING
order_product_option,product_option_id,9,YES,INT64
order_product_option,display_name,10,YES,STRING
order_product_option,type,11,YES,STRING
order_product_option,display_value_merchant,12,YES,STRING
order_product_option,display_name_customer,13,YES,STRING
order_product_option,order_product_id,14,YES,INT64
order_product_option,_fivetran_synced,15,YES,TIMESTAMP
order_product_option,_fivetran_deleted,16,YES,BOOL
order_refund,id,1,YES,INT64
order_refund,order_id,2,YES,INT64
order_refund,created,3,YES,TIMESTAMP
order_refund,reason,4,YES,STRING
order_refund,total_amount,5,YES,FLOAT64
order_refund,total_tax,6,YES,INT64
order_refund,user_id,7,YES,INT64
order_refund,uses_merchant_override_values,8,YES,BOOL
order_refund,_fivetran_synced,9,YES,TIMESTAMP
order_refund,_fivetran_deleted,10,YES,BOOL
order_refund_item,item_id,1,YES,INT64
order_refund_item,item_type,2,YES,STRING
order_refund_item,quantity,3,YES,INT64
order_refund_item,reason,4,YES,STRING
order_refund_item,requested_amount,5,YES,FLOAT64
order_refund_item,order_refund_id,6,YES,INT64
order_refund_item,_fivetran_synced,7,YES,TIMESTAMP
order_refund_item,_fivetran_deleted,8,YES,BOOL
order_refund_payment,id,1,YES,INT64
order_refund_payment,amount,2,YES,FLOAT64
order_refund_payment,declined_message,3,YES,STRING
order_refund_payment,is_declined,4,YES,BOOL
order_refund_payment,offlines,5,YES,BOOL
order_refund_payment,provider_id,6,YES,STRING
order_refund_payment,order_refund_id,7,YES,INT64
order_refund_payment,_fivetran_synced,8,YES,TIMESTAMP
order_refund_payment,_fivetran_deleted,9,YES,BOOL
order_shipment,tracking_carrier,1,YES,STRING
order_shipment,street_1,2,YES,STRING
order_shipment,country,3,YES,STRING
order_shipment,city,4,YES,STRING
order_shipment,company,5,YES,STRING
order_shipment,shipping_provider,6,YES,STRING
order_shipment,shipping_method,7,YES,STRING
order_shipment,id,8,YES,INT64
order_shipment,tracking_link,9,YES,STRING
order_shipment,email,10,YES,STRING
order_shipment,tracking_number,11,YES,STRING
order_shipment,last_name,12,YES,STRING
order_shipment,street_2,13,YES,STRING
order_shipment,customer_id,14,YES,INT64
order_shipment,first_name,15,YES,STRING
order_shipment,order_address_id,16,YES,INT64
order_shipment,phone,17,YES,STRING
order_shipment,comments,18,YES,STRING
order_shipment,state,19,YES,STRING
order_shipment,country_iso_2,20,YES,STRING
order_shipment,zip,21,YES,STRING
order_shipment,date_created,22,YES,TIMESTAMP
order_shipment,order_id,23,YES,INT64
order_shipment,_fivetran_synced,24,YES,TIMESTAMP
order_shipment,_fivetran_deleted,25,YES,BOOL
order_shipment_item,index,1,YES,INT64
order_shipment_item,order_product_id,2,YES,INT64
order_shipment_item,product_id,3,YES,INT64
order_shipment_item,quantity,4,YES,INT64
order_shipment_item,shipment_id,5,YES,INT64
order_shipment_item,_fivetran_synced,6,YES,TIMESTAMP
order_shipment_item,_fivetran_deleted,7,YES,BOOL
order_shipping_address,order_id,1,YES,INT64
order_shipping_address,id,2,YES,INT64
order_shipping_address,cost_ex_tax,3,YES,FLOAT64
order_shipping_address,street_1,4,YES,STRING
order_shipping_address,items_total,5,YES,INT64
order_shipping_address,country,6,YES,STRING
order_shipping_address,city,7,YES,STRING
order_shipping_address,company,8,YES,STRING
order_shipping_address,handling_cost_tax,9,YES,FLOAT64
order_shipping_address,shipping_quotes_resource,10,YES,STRING
order_shipping_address,shipping_method,11,YES,STRING
order_shipping_address,handling_cost_tax_class_id,12,YES,INT64
order_shipping_address,email,13,YES,STRING
order_shipping_address,cost_inc_tax,14,YES,FLOAT64
order_shipping_address,last_name,15,YES,STRING
order_shipping_address,street_2,16,YES,STRING
order_shipping_address,base_handling_cost,17,YES,FLOAT64
order_shipping_address,handling_cost_inc_tax,18,YES,FLOAT64
order_shipping_address,shipping_quotes_url,19,YES,STRING
order_shipping_address,first_name,20,YES,STRING
order_shipping_address,phone,21,YES,STRING
order_shipping_address,state,22,YES,STRING
order_shipping_address,shipping_zone_id,23,YES,INT64
order_shipping_address,handling_cost_ex_tax,24,YES,FLOAT64
order_shipping_address,cost_tax,25,YES,FLOAT64
order_shipping_address,country_iso_2,26,YES,STRING
order_shipping_address,shipping_zone_name,27,YES,STRING
order_shipping_address,items_shipped,28,YES,INT64
order_shipping_address,zip,29,YES,STRING
order_shipping_address,cost_tax_class_id,30,YES,INT64
order_shipping_address,base_cost,31,YES,FLOAT64
order_shipping_address,_fivetran_synced,32,YES,TIMESTAMP
order_shipping_address,_fivetran_deleted,33,YES,BOOL
order_shipping_address_form_field,shipping_address_id,1,YES,INT64
order_shipping_address_form_field,name,2,YES,STRING
order_shipping_address_form_field,value,3,YES,JSON
order_shipping_address_form_field,_fivetran_synced,4,YES,TIMESTAMP
order_shipping_address_form_field,_fivetran_deleted,5,YES,BOOL
order_shipping_address_quote,shipping_address_id,1,YES,INT64
order_shipping_address_quote,id,2,YES,INT64
order_shipping_address_quote,rate_code,3,YES,STRING
order_shipping_address_quote,timestamps,4,YES,STRING
order_shipping_address_quote,provider_code,5,YES,STRING
order_shipping_address_quote,uuid,6,YES,STRING
order_shipping_address_quote,rate_id,7,YES,STRING
order_shipping_address_quote,shipping_provider_id,8,YES,STRING
order_shipping_address_quote,method_id,9,YES,INT64
order_shipping_address_quote,carrier_code,10,YES,STRING
order_shipping_address_quote,_fivetran_synced,11,YES,TIMESTAMP
order_shipping_address_quote,_fivetran_deleted,12,YES,BOOL
order_status,id,1,YES,INT64
order_status,custom_label,2,YES,STRING
order_status,name,3,YES,STRING
order_status,order_id,4,YES,INT64
order_status,system_description,5,YES,STRING
order_status,system_label,6,YES,STRING
order_status,_fivetran_synced,7,YES,TIMESTAMP
order_status,_fivetran_deleted,8,YES,BOOL
order_tax,order_id,1,YES,INT64
order_tax,id,2,YES,INT64
order_tax,tax_rate_id,3,YES,INT64
order_tax,priority,4,YES,INT64
order_tax,class,5,YES,STRING
order_tax,line_amount,6,YES,FLOAT64
order_tax,tax_class_id,7,YES,INT64
order_tax,name,8,YES,STRING
order_tax,rate,9,YES,FLOAT64
order_tax,order_product_id,10,YES,INT64
order_tax,order_address_id,11,YES,INT64
order_tax,line_item_type,12,YES,STRING
order_tax,priority_amount,13,YES,FLOAT64
order_tax,_fivetran_synced,14,YES,TIMESTAMP
order_tax,_fivetran_deleted,15,YES,BOOL
order_transaction,order_id,1,YES,INT64
order_transaction,id,2,YES,INT64
order_transaction,payment_method_id,3,YES,STRING
order_transaction,reference_transaction_id,4,YES,INT64
order_transaction,avs_result_message,5,YES,STRING
order_transaction,card_last_4,6,YES,STRING
order_transaction,payment_instrument_token,7,YES,STRING
order_transaction,card_expiry_month,8,YES,INT64
order_transaction,gift_certificate_status,9,YES,STRING
order_transaction,currency,10,YES,STRING
order_transaction,avs_result_street_match,11,YES,STRING
order_transaction,method,12,YES,STRING
order_transaction,gateway_transaction_id,13,YES,STRING
order_transaction,event,14,YES,STRING
order_transaction,gift_certificate_code,15,YES,STRING
order_transaction,custom_payment_method,16,YES,STRING
order_transaction,status,17,YES,STRING
order_transaction,display_name,18,YES,STRING
order_transaction,fraud_review,19,YES,BOOL
order_transaction,card_type,20,YES,STRING
order_transaction,avs_result_postal_match,21,YES,STRING
order_transaction,amount,22,YES,FLOAT64
order_transaction,cvv_result_code,23,YES,STRING
order_transaction,gift_certificate_starting_balance,24,YES,FLOAT64
order_transaction,gift_certificate_original_balance,25,YES,FLOAT64
order_transaction,gift_certificate_remaining_balance,26,YES,FLOAT64
order_transaction,gateway,27,YES,STRING
order_transaction,avs_result_code,28,YES,STRING
order_transaction,store_credit_remaining_balance,29,YES,FLOAT64
order_transaction,cvv_result_message,30,YES,STRING
order_transaction,card_iin,31,YES,STRING
order_transaction,date_created,32,YES,TIMESTAMP
order_transaction,test,33,YES,BOOL
order_transaction,card_expiry_year,34,YES,INT64
order_transaction,_fivetran_synced,35,YES,TIMESTAMP
order_transaction,_fivetran_deleted,36,YES,BOOL
orders,id,1,YES,INT64
orders,customer_locale,2,YES,STRING
orders,external_merchant_id,3,YES,STRING
orders,shipping_addressresource,4,YES,STRING
orders,geoip_country,5,YES,STRING
orders,date_shipped,6,YES,TIMESTAMP
orders,base_wrapping_cost,7,YES,FLOAT64
orders,shipping_cost_ex_tax,8,YES,FLOAT64
orders,total_inc_tax,9,YES,FLOAT64
orders,wrapping_cost_ex_tax,10,YES,FLOAT64
orders,street_1,11,YES,STRING
orders,currency_id,12,YES,INT64
orders,items_total,13,YES,INT64
orders,country,14,YES,STRING
orders,channel_id,15,YES,INT64
orders,city,16,YES,STRING
orders,company,17,YES,STRING
orders,ebay_order_id,18,YES,STRING
orders,shipping_cost_tax,19,YES,FLOAT64
orders,currency_code,20,YES,STRING
orders,is_email_opt_in,21,YES,BOOL
orders,handling_cost_tax,22,YES,FLOAT64
orders,store_default_to_transactional_exchange_rate,23,YES,STRING
orders,shipping_cost_inc_tax,24,YES,FLOAT64
orders,gift_certificate_amount,25,YES,FLOAT64
orders,payment_provider_id,26,YES,STRING
orders,payment_method,27,YES,STRING
orders,coupon_resource,28,YES,STRING
orders,wrapping_cost_tax_class_id,29,YES,INT64
orders,handling_cost_tax_class_id,30,YES,INT64
orders,base_shipping_cost,31,YES,FLOAT64
orders,external_id,32,YES,STRING
orders,wrapping_cost_inc_tax,33,YES,FLOAT64
orders,tax_provider_id,34,YES,STRING
orders,shipping_addressurl,35,YES,STRING
orders,email,36,YES,STRING
orders,date_modified,37,YES,TIMESTAMP
orders,product_resource,38,YES,STRING
orders,discount_amount,39,YES,FLOAT64
orders,coupon_discount,40,YES,FLOAT64
orders,refunded_amount,41,YES,FLOAT64
orders,total_ex_tax,42,YES,FLOAT64
orders,subtotal_inc_tax,43,YES,FLOAT64
orders,staff_notes,44,YES,STRING
orders,status,45,YES,STRING
orders,cart_id,46,YES,STRING
orders,wrapping_cost_tax,47,YES,FLOAT64
orders,shipping_cost_tax_class_id,48,YES,INT64
orders,geoip_country_iso_2,49,YES,STRING
orders,status_id,50,YES,INT64
orders,default_currency_id,51,YES,INT64
orders,last_name,52,YES,STRING
orders,street_2,53,YES,STRING
orders,customer_id,54,YES,INT64
orders,base_handling_cost,55,YES,FLOAT64
orders,handling_cost_inc_tax,56,YES,FLOAT64
orders,first_name,57,YES,STRING
orders,store_credit_amount,58,YES,FLOAT64
orders,phone,59,YES,STRING
orders,state,60,YES,STRING
orders,customer_message,61,YES,STRING
orders,handling_cost_ex_tax,62,YES,FLOAT64
orders,currency_exchange_rate,63,YES,FLOAT64
orders,is_deleted,64,YES,BOOL
orders,order_is_digital,65,YES,BOOL
orders,product_url,66,YES,STRING
orders,ip_address,67,YES,STRING
orders,default_currency_code,68,YES,STRING
orders,country_iso_2,69,YES,STRING
orders,ip_address_v_6,70,YES,STRING
orders,shipping_address_count,71,YES,INT64
orders,coupon_url,72,YES,STRING
orders,subtotal_tax,73,YES,FLOAT64
orders,payment_status,74,YES,STRING
orders,items_shipped,75,YES,INT64
orders,external_source,76,YES,STRING
orders,zip,77,YES,STRING
orders,date_created,78,YES,TIMESTAMP
orders,store_default_currency_code,79,YES,STRING
orders,order_source,80,YES,STRING
orders,subtotal_ex_tax,81,YES,FLOAT64
orders,_fivetran_synced,82,YES,TIMESTAMP
orders,_fivetran_deleted,83,YES,BOOL
payment_method,name,1,YES,STRING
payment_method,test_mode,2,YES,BOOL
payment_method,type,3,YES,STRING
payment_method,_fivetran_synced,4,YES,TIMESTAMP
payment_method_stored_instrument,index,1,YES,INT64
payment_method_stored_instrument,brand,2,YES,STRING
payment_method_stored_instrument,expiry_month,3,YES,INT64
payment_method_stored_instrument,expiry_year,4,YES,INT64
payment_method_stored_instrument,issuer_identification_number,5,YES,INT64
payment_method_stored_instrument,last_4,6,YES,STRING
payment_method_stored_instrument,is_default,7,YES,BOOL
payment_method_stored_instrument,type,8,YES,STRING
payment_method_stored_instrument,_fivetran_synced,9,YES,TIMESTAMP
payment_method_supported_instrument,_fivetran_synced,1,YES,TIMESTAMP
physical_line_item_discount,id,1,YES,STRING
physical_line_item_discount,discounted_amount,2,YES,FLOAT64
physical_line_item_discount,physical_item_id,3,YES,STRING
physical_line_item_discount,_fivetran_synced,4,YES,TIMESTAMP
physical_line_item_discount,_fivetran_deleted,5,YES,BOOL
physical_line_item_option,name_id,1,YES,INT64
physical_line_item_option,name,2,YES,STRING
physical_line_item_option,value,3,YES,STRING
physical_line_item_option,value_id,4,YES,INT64
physical_line_item_option,physical_item_id,5,YES,STRING
physical_line_item_option,_fivetran_synced,6,YES,TIMESTAMP
physical_line_item_option,_fivetran_deleted,7,YES,BOOL
placement,uuid,1,YES,STRING
placement,sort_order,2,YES,INT64
placement,channel_id,3,YES,INT64
placement,entity_id,4,YES,STRING
placement,widget_id,5,YES,STRING
placement,date_modified,6,YES,TIMESTAMP
placement,status,7,YES,STRING
placement,region,8,YES,STRING
placement,template_file,9,YES,STRING
placement,date_created,10,YES,TIMESTAMP
placement,_fivetran_synced,11,YES,TIMESTAMP
placement,_fivetran_deleted,12,YES,BOOL
price_list,id,1,YES,INT64
price_list,active,2,YES,BOOL
price_list,date_created,3,YES,TIMESTAMP
price_list,date_modified,4,YES,TIMESTAMP
price_list,name,5,YES,STRING
price_list,_fivetran_synced,6,YES,TIMESTAMP
price_list,_fivetran_deleted,7,YES,BOOL
price_list_assignment,id,1,YES,INT64
price_list_assignment,price_list_id,2,YES,INT64
price_list_assignment,channel_id,3,YES,INT64
price_list_assignment,customer_group_id,4,YES,INT64
price_list_assignment,_fivetran_synced,5,YES,TIMESTAMP
price_list_assignment,_fivetran_deleted,6,YES,BOOL
price_list_bulk_pricing,index,1,YES,INT64
price_list_bulk_pricing,quantity_min,2,YES,INT64
price_list_bulk_pricing,quantity_max,3,YES,INT64
price_list_bulk_pricing,type,4,YES,STRING
price_list_bulk_pricing,amount,5,YES,INT64
price_list_bulk_pricing,_fivetran_synced,6,YES,TIMESTAMP
price_list_record,product_id,1,YES,INT64
price_list_record,map_price,2,YES,FLOAT64
price_list_record,sku,3,YES,STRING
price_list_record,price_list_id,4,YES,INT64
price_list_record,currency,5,YES,STRING
price_list_record,calculated_price,6,YES,FLOAT64
price_list_record,date_modified,7,YES,TIMESTAMP
price_list_record,variant_id,8,YES,INT64
price_list_record,sale_price,9,YES,FLOAT64
price_list_record,retail_price,10,YES,FLOAT64
price_list_record,price,11,YES,FLOAT64
price_list_record,date_created,12,YES,TIMESTAMP
price_list_record,_fivetran_id,13,YES,STRING
price_list_record,_fivetran_synced,14,YES,TIMESTAMP
product,id,1,YES,INT64
product,is_featured,2,YES,BOOL
product,inventory_level,3,YES,INT64
product,meta_description,4,YES,STRING
product,is_visible,5,YES,BOOL
product,reviews_rating_sum,6,YES,FLOAT64
product,map_price,7,YES,FLOAT64
product,width,8,YES,FLOAT64
product,sort_order,9,YES,INT64
product,custom_url,10,YES,STRING
product,sku,11,YES,STRING
product,open_graph_title,12,YES,STRING
product,is_price_hidden,13,YES,BOOL
product,open_graph_use_meta_description,14,YES,BOOL
product,warranty,15,YES,STRING
product,mpn,16,YES,STRING
product,height,17,YES,FLOAT64
product,option_set_id,18,YES,INT64
product,option_set_display,19,YES,STRING
product,view_count,20,YES,INT64
product,tax_class_id,21,YES,INT64
product,cost_price,22,YES,FLOAT64
product,availability,23,YES,STRING
product,calculated_price,24,YES,FLOAT64
product,gtin,25,YES,STRING
product,condition,26,YES,STRING
product,date_modified,27,YES,TIMESTAMP
product,page_title,28,YES,STRING
product,base_variant_id,29,YES,INT64
product,is_preorder_hidden,30,YES,BOOL
product,bin_picking_number,31,YES,STRING
product,name,32,YES,STRING
product,fixed_cost_shipping_price,33,YES,FLOAT64
product,search_keywords,34,YES,STRING
product,availability_description,35,YES,STRING
product,inventory_tracking,36,YES,STRING
product,is_condition_shown,37,YES,BOOL
product,open_graph_use_image,38,YES,BOOL
product,total_sold,39,YES,INT64
product,upc,40,YES,STRING
product,is_preorder_only,41,YES,BOOL
product,open_graph_description,42,YES,STRING
product,open_graph_type,43,YES,STRING
product,is_free_shipping,44,YES,BOOL
product,sale_price,45,YES,FLOAT64
product,brand_id,46,YES,INT64
product,open_graph_use_product_name,47,YES,BOOL
product,retail_price,48,YES,FLOAT64
product,type,49,YES,STRING
product,inventory_warning_level,50,YES,INT64
product,depth,51,YES,FLOAT64
product,order_quantity_minimum,52,YES,INT64
product,preorder_message,53,YES,STRING
product,preorder_release_date,54,YES,STRING
product,order_quantity_maximum,55,YES,INT64
product,gift_wrapping_options_type,56,YES,STRING
product,price,57,YES,FLOAT64
product,price_hidden_label,58,YES,STRING
product,product_tax_code,59,YES,STRING
product,custom_url_is_customized,60,YES,BOOL
product,brand_name,61,YES,STRING
product,reviews_count,62,YES,INT64
product,date_created,63,YES,TIMESTAMP
product,weight,64,YES,FLOAT64
product,description,65,YES,STRING
product,layout_file,66,YES,STRING
product,_fivetran_synced,67,YES,TIMESTAMP
product,_fivetran_deleted,68,YES,BOOL
product_bulk_pricing_rule,id,1,YES,INT64
product_bulk_pricing_rule,amount,2,YES,INT64
product_bulk_pricing_rule,quantity_max,3,YES,INT64
product_bulk_pricing_rule,quantity_min,4,YES,INT64
product_bulk_pricing_rule,type,5,YES,STRING
product_bulk_pricing_rule,product_id,6,YES,INT64
product_bulk_pricing_rule,_fivetran_synced,7,YES,TIMESTAMP
product_category,product_id,1,YES,INT64
product_category,category_id,2,YES,INT64
product_category,_fivetran_synced,3,YES,TIMESTAMP
product_category,_fivetran_deleted,4,YES,BOOL
product_channel_assignment,channel_id,1,YES,INT64
product_channel_assignment,product_id,2,YES,INT64
product_channel_assignment,_fivetran_synced,3,YES,TIMESTAMP
product_channel_assignment,_fivetran_deleted,4,YES,BOOL
product_complex_rule,stop,1,YES,BOOL
product_complex_rule,sort_order,2,YES,INT64
product_complex_rule,purchasing_disabled,3,YES,BOOL
product_complex_rule,price_adjuster,4,YES,STRING
product_complex_rule,enabled,5,YES,BOOL
product_complex_rule,id,6,YES,INT64
product_complex_rule,purchasing_hidden,7,YES,BOOL
product_complex_rule,weight_adjuster_value,8,YES,INT64
product_complex_rule,price_adjuster_value,9,YES,INT64
product_complex_rule,weight_adjuster,10,YES,STRING
product_complex_rule,image_url,11,YES,STRING
product_complex_rule,purchasing_disabled_message,12,YES,STRING
product_complex_rule,product_id,13,YES,INT64
product_complex_rule,_fivetran_synced,14,YES,TIMESTAMP
product_complex_rule_condition,index,1,YES,INT64
product_complex_rule_condition,combination_id,2,YES,INT64
product_complex_rule_condition,id,3,YES,INT64
product_complex_rule_condition,modifier_id,4,YES,INT64
product_complex_rule_condition,modifier_value_id,5,YES,INT64
product_complex_rule_condition,variant_id,6,YES,INT64
product_complex_rule_condition,product_complex_rule_id,7,YES,INT64
product_complex_rule_condition,_fivetran_synced,8,YES,TIMESTAMP
product_custom_field,product_id,1,YES,INT64
product_custom_field,id,2,YES,INT64
product_custom_field,name,3,YES,STRING
product_custom_field,value,4,YES,STRING
product_custom_field,_fivetran_synced,5,YES,TIMESTAMP
product_custom_field,_fivetran_deleted,6,YES,BOOL
product_custom_information,product_id,1,YES,INT64
product_custom_information,commodity_description,2,YES,STRING
product_custom_information,country_of_origin,3,YES,STRING
product_custom_information,hs_codes,4,YES,JSON
product_custom_information,international_shipping,5,YES,BOOL
product_custom_information,_fivetran_synced,6,YES,TIMESTAMP
product_custom_information,_fivetran_deleted,7,YES,BOOL
product_gift_wrapping_option,gift_wrapping_option_id,1,YES,INT64
product_gift_wrapping_option,product_id,2,YES,INT64
product_gift_wrapping_option,_fivetran_synced,3,YES,TIMESTAMP
product_image,product_id,1,YES,INT64
product_image,id,2,YES,INT64
product_image,sort_order,3,YES,INT64
product_image,is_thumbnail,4,YES,BOOL
product_image,tiny_url,5,YES,STRING
product_image,thumbnail_url,6,YES,STRING
product_image,standard_url,7,YES,STRING
product_image,date_created,8,YES,TIMESTAMP
product_image,description,9,YES,STRING
product_image,image_file,10,YES,STRING
product_image,_fivetran_synced,11,YES,TIMESTAMP
product_image,_fivetran_deleted,12,YES,BOOL
product_meta_keyword,meta_keyword_id,1,YES,STRING
product_meta_keyword,product_id,2,YES,INT64
product_meta_keyword,_fivetran_synced,3,YES,TIMESTAMP
product_metafield,product_id,1,YES,INT64
product_metafield,id,2,YES,INT64
product_metafield,permission_set,3,YES,STRING
product_metafield,key,4,YES,STRING
product_metafield,date_modified,5,YES,TIMESTAMP
product_metafield,value,6,YES,STRING
product_metafield,resource_type,7,YES,STRING
product_metafield,namespace,8,YES,STRING
product_metafield,date_created,9,YES,TIMESTAMP
product_metafield,description,10,YES,STRING
product_metafield,resource_id,11,YES,INT64
product_metafield,_fivetran_synced,12,YES,TIMESTAMP
product_metafield,_fivetran_deleted,13,YES,BOOL
product_modifier,product_id,1,YES,INT64
product_modifier,id,2,YES,INT64
product_modifier,config,3,YES,JSON
product_modifier,display_name,4,YES,STRING
product_modifier,name,5,YES,STRING
product_modifier,required,6,YES,BOOL
product_modifier,sort_order,7,YES,INT64
product_modifier,type,8,YES,STRING
product_modifier,_fivetran_synced,9,YES,TIMESTAMP
product_modifier,_fivetran_deleted,10,YES,BOOL
product_modifier_value,product_modifier_id,1,YES,INT64
product_modifier_value,id,2,YES,INT64
product_modifier_value,product_id,3,YES,INT64
product_modifier_value,is_default,4,YES,BOOL
product_modifier_value,sort_order,5,YES,INT64
product_modifier_value,label,6,YES,STRING
product_modifier_value,price_adjuster,7,YES,STRING
product_modifier_value,option_id,8,YES,INT64
product_modifier_value,purchasing_disabled_status,9,YES,BOOL
product_modifier_value,weight_adjuster_value,10,YES,INT64
product_modifier_value,price_adjuster_value,11,YES,INT64
product_modifier_value,weight_adjuster,12,YES,STRING
product_modifier_value,image_url,13,YES,STRING
product_modifier_value,purchasing_disabled_message,14,YES,STRING
product_modifier_value,_fivetran_synced,15,YES,TIMESTAMP
product_modifier_value,_fivetran_deleted,16,YES,BOOL
product_option,id,1,YES,INT64
product_option,display_name,2,YES,STRING
product_option,option_value_id,3,YES,INT64
product_option,option_value_is_default,4,YES,BOOL
product_option,option_value_label,5,YES,STRING
product_option,option_value_sort_order,6,YES,INT64
product_option,sort_order,7,YES,INT64
product_option,type,8,YES,STRING
product_option,product_id,9,YES,INT64
product_option,_fivetran_synced,10,YES,TIMESTAMP
product_review,id,1,YES,INT64
product_review,email,2,YES,STRING
product_review,date_modified,3,YES,TIMESTAMP
product_review,date_reviewed,4,YES,TIMESTAMP
product_review,name,5,YES,STRING
product_review,status,6,YES,STRING
product_review,text,7,YES,STRING
product_review,title,8,YES,STRING
product_review,rating,9,YES,INT64
product_review,date_created,10,YES,TIMESTAMP
product_review,product_id,11,YES,INT64
product_review,_fivetran_synced,12,YES,TIMESTAMP
product_variant,product_id,1,YES,INT64
product_variant,id,2,YES,INT64
product_variant,inventory_level,3,YES,INT64
product_variant,width,4,YES,FLOAT64
product_variant,sku,5,YES,STRING
product_variant,mpn,6,YES,STRING
product_variant,height,7,YES,FLOAT64
product_variant,purchasing_disabled,8,YES,BOOL
product_variant,cost_price,9,YES,FLOAT64
product_variant,calculated_price,10,YES,FLOAT64
product_variant,bin_picking_number,11,YES,STRING
product_variant,fixed_cost_shipping_price,12,YES,FLOAT64
product_variant,upc,13,YES,STRING
product_variant,is_free_shipping,14,YES,BOOL
product_variant,sale_price,15,YES,INT64
product_variant,retail_price,16,YES,FLOAT64
product_variant,inventory_warning_level,17,YES,INT64
product_variant,depth,18,YES,FLOAT64
product_variant,price,19,YES,FLOAT64
product_variant,purchasing_disabled_message,20,YES,STRING
product_variant,calculated_weight,21,YES,INT64
product_variant,weight,22,YES,FLOAT64
product_variant,sku_id,23,YES,INT64
product_variant,_fivetran_synced,24,YES,TIMESTAMP
product_variant,_fivetran_deleted,25,YES,BOOL
product_variant_metafield,permission_set,1,YES,STRING
product_variant_metafield,key,2,YES,STRING
product_variant_metafield,id,3,YES,INT64
product_variant_metafield,date_modified,4,YES,TIMESTAMP
product_variant_metafield,value,5,YES,STRING
product_variant_metafield,resource_type,6,YES,STRING
product_variant_metafield,namespace,7,YES,STRING
product_variant_metafield,date_created,8,YES,TIMESTAMP
product_variant_metafield,description,9,YES,STRING
product_variant_metafield,resource_id,10,YES,INT64
product_variant_metafield,product_variant_id,11,YES,INT64
product_variant_metafield,product_id,12,YES,INT64
product_variant_metafield,_fivetran_synced,13,YES,TIMESTAMP
product_variant_option,option_label,1,YES,STRING
product_variant_option,sort_order,2,YES,INT64
product_variant_option,option_id,3,YES,INT64
product_variant_option,id,4,YES,INT64
product_variant_option,name,5,YES,STRING
product_variant_option,display_name,6,YES,STRING
product_variant_option,option_sort_order,7,YES,INT64
product_variant_option,type,8,YES,STRING
product_variant_option,option_is_default,9,YES,BOOL
product_variant_option,config_text_min_length,10,YES,INT64
product_variant_option,config_default_value,11,YES,STRING
product_variant_option,config_date_limit_mode,12,YES,STRING
product_variant_option,config_date_earliest_value,13,YES,STRING
product_variant_option,config_product_list_adjusts_pricing,14,YES,BOOL
product_variant_option,config_number_highest_value,15,YES,INT64
product_variant_option,config_number_integers_only,16,YES,BOOL
product_variant_option,config_file_max_size,17,YES,INT64
product_variant_option,config_date_latest_value,18,YES,STRING
product_variant_option,config_number_limit_mode,19,YES,STRING
product_variant_option,config_date_limited,20,YES,BOOL
product_variant_option,config_product_list_shipping_calc,21,YES,STRING
product_variant_option,config_text_characters_limited,22,YES,BOOL
product_variant_option,config_text_lines_limited,23,YES,BOOL
product_variant_option,config_checkbox_label,24,YES,STRING
product_variant_option,config_text_max_length,25,YES,INT64
product_variant_option,config_product_list_adjusts_inventory,26,YES,BOOL
product_variant_option,config_number_lowest_value,27,YES,INT64
product_variant_option,config_number_limited,28,YES,BOOL
product_variant_option,config_file_types_mode,29,YES,STRING
product_variant_option,config_text_max_lines,30,YES,INT64
product_variant_option,config_checked_by_default,31,YES,BOOL
product_variant_option,product_id,32,YES,INT64
product_variant_option,_fivetran_synced,33,YES,TIMESTAMP
product_variant_options_value,id,1,YES,INT64
product_variant_options_value,is_default,2,YES,BOOL
product_variant_options_value,label,3,YES,STRING
product_variant_options_value,sort_order,4,YES,INT64
product_variant_options_value,product_variant_option_id,5,YES,INT64
product_variant_options_value,product_id,6,YES,INT64
product_variant_options_value,_fivetran_synced,7,YES,TIMESTAMP
product_video,id,1,YES,STRING
product_video,description,2,YES,STRING
product_video,length,3,YES,STRING
product_video,sort_order,4,YES,INT64
product_video,title,5,YES,STRING
product_video,type,6,YES,STRING
product_video,product_id,7,YES,INT64
product_video,_fivetran_synced,8,YES,TIMESTAMP
redirect,id,1,YES,INT64
redirect,from_path,2,YES,STRING
redirect,site_id,3,YES,INT64
redirect,to_entity_id,4,YES,INT64
redirect,to_type,5,YES,STRING
redirect,to_url,6,YES,STRING
redirect,_fivetran_synced,7,YES,TIMESTAMP
redirect,_fivetran_deleted,8,YES,BOOL
related_product,product_id,1,YES,INT64
related_product,related_product_id,2,YES,INT64
related_product,_fivetran_synced,3,YES,TIMESTAMP
related_product,_fivetran_deleted,4,YES,BOOL
robot_setting,robots_txt_ssl,1,YES,STRING
robot_setting,_fivetran_id,2,YES,STRING
robot_setting,_fivetran_synced,3,YES,TIMESTAMP
robot_setting,_fivetran_deleted,4,YES,BOOL
search_setting,_fivetran_id,1,YES,STRING
search_setting,content_product_sort,2,YES,STRING
search_setting,default_product_sort,3,YES,STRING
search_setting,product_filtering_enabled,4,YES,BOOL
search_setting,search_suggest,5,YES,BOOL
search_setting,_fivetran_synced,6,YES,TIMESTAMP
search_setting,_fivetran_deleted,7,YES,BOOL
security_setting,_fivetran_id,1,YES,STRING
security_setting,x_frame_options_header_setting,2,YES,STRING
security_setting,hsts_include_subdomains,3,YES,BOOL
security_setting,csp_header_enabled,4,YES,STRING
security_setting,hsts_enabled,5,YES,BOOL
security_setting,hsts_max_age,6,YES,STRING
security_setting,csp_header_value,7,YES,BOOL
security_setting,x_frame_options_header_allowed_url,8,YES,STRING
security_setting,hsts_include_preload,9,YES,BOOL
security_setting,x_frame_options_header_enabled,10,YES,BOOL
security_setting,_fivetran_synced,11,YES,TIMESTAMP
security_setting,_fivetran_deleted,12,YES,BOOL
seo_setting,_fivetran_id,1,YES,STRING
seo_setting,meta_description,2,YES,STRING
seo_setting,meta_keywords,3,YES,STRING
seo_setting,page_title,4,YES,STRING
seo_setting,www_redirect,5,YES,STRING
seo_setting,_fivetran_synced,6,YES,TIMESTAMP
seo_setting,_fivetran_deleted,7,YES,BOOL
shipping_zone,id,1,YES,INT64
shipping_zone,handling_fees_display_separately,2,YES,BOOL
shipping_zone,free_shipping_minimum_sub_total,3,YES,FLOAT64
shipping_zone,handling_fees_percentage_surcharge,4,YES,FLOAT64
shipping_zone,enabled,5,YES,BOOL
shipping_zone,name,6,YES,STRING
shipping_zone,free_shipping_enabled,7,YES,BOOL
shipping_zone,type,8,YES,STRING
shipping_zone,handling_fees_fixed_surcharge,9,YES,FLOAT64
shipping_zone,free_shipping_exclude_fixed_shipping_products,10,YES,BOOL
shipping_zone,_fivetran_synced,11,YES,TIMESTAMP
shipping_zone,_fivetran_deleted,12,YES,BOOL
shipping_zone_location,shipping_zone_id,1,YES,INT64
shipping_zone_location,id,2,YES,INT64
shipping_zone_location,country_iso_2,3,YES,STRING
shipping_zone_location,state_iso_2,4,YES,STRING
shipping_zone_location,zip,5,YES,STRING
shipping_zone_location,_fivetran_synced,6,YES,TIMESTAMP
shipping_zone_location,_fivetran_deleted,7,YES,BOOL
shipping_zone_method,shipping_zone_id,1,YES,INT64
shipping_zone_method,id,2,YES,INT64
shipping_zone_method,enabled,3,YES,BOOL
shipping_zone_method,fixed_surcharge,4,YES,INT64
shipping_zone_method,is_fallback,5,YES,BOOL
shipping_zone_method,name,6,YES,STRING
shipping_zone_method,settings,7,YES,JSON
shipping_zone_method,type,8,YES,STRING
shipping_zone_method,_fivetran_synced,9,YES,TIMESTAMP
shipping_zone_method,_fivetran_deleted,10,YES,BOOL
site,id,1,YES,INT64
site,channel_id,2,YES,INT64
site,created_at,3,YES,TIMESTAMP
site,is_checkout_url_customized,4,YES,BOOL
site,ssl_status,5,YES,STRING
site,updated_at,6,YES,TIMESTAMP
site,url,7,YES,STRING
site,_fivetran_synced,8,YES,TIMESTAMP
site,_fivetran_deleted,9,YES,BOOL
site_route,id,1,YES,INT64
site_route,matching,2,YES,STRING
site_route,route,3,YES,STRING
site_route,type,4,YES,STRING
site_route,site_id,5,YES,INT64
site_route,_fivetran_synced,6,YES,TIMESTAMP
site_route,_fivetran_deleted,7,YES,BOOL
site_url,site_id,1,YES,INT64
site_url,url,2,YES,STRING
site_url,created_at,3,YES,TIMESTAMP
site_url,type,4,YES,STRING
site_url,updated_at,5,YES,TIMESTAMP
site_url,_fivetran_synced,6,YES,TIMESTAMP
site_url,_fivetran_deleted,7,YES,BOOL
status_setting,_fivetran_id,1,YES,STRING
status_setting,down_for_maintenance_message,2,YES,STRING
status_setting,prelaunch_message,3,YES,STRING
status_setting,prelaunch_password,4,YES,STRING
status_setting,_fivetran_synced,5,YES,TIMESTAMP
status_setting,_fivetran_deleted,6,YES,BOOL
store,id,1,YES,STRING
store,dimension_decimal_places,2,YES,INT64
store,country,3,YES,STRING
store,currency_symbol_location,4,YES,STRING
store,weight_units,5,YES,STRING
store,timezone_export,6,YES,STRING
store,currency,7,YES,STRING
store,timezone_dst_offset,8,YES,INT64
store,timezone_dst_correction,9,YES,BOOL
store,plan_name,10,YES,STRING
store,industry,11,YES,STRING
store,currency_symbol,12,YES,STRING
store,account_uuid,13,YES,STRING
store,name,14,YES,STRING
store,order_email,15,YES,STRING
store,shopper_consent_tracking_enabled,16,YES,BOOL
store,timezone_name,17,YES,STRING
store,is_price_entered_with_tax,18,YES,BOOL
store,address,19,YES,STRING
store,decimal_places,20,YES,INT64
store,status,21,YES,STRING
store,multi_storefront_enabled,22,YES,BOOL
store,sitewidehttps_enabled,23,YES,BOOL
store,plan_level,24,YES,STRING
store,timezone_raw_offset,25,YES,INT64
store,languages,26,YES,STRING
store,control_panel_base_url,27,YES,STRING
store,decimal_separator,28,YES,STRING
store,domain,29,YES,STRING
store,last_name,30,YES,STRING
store,dimension_thousands_token,31,YES,STRING
store,store_id,32,YES,INT64
store,thousands_separator,33,YES,STRING
store,dimension_decimal_token,34,YES,STRING
store,first_name,35,YES,STRING
store,secure_url,36,YES,STRING
store,checkout_type,37,YES,STRING
store,phone,38,YES,STRING
store,stencil_enabled,39,YES,BOOL
store,graphql_storefront_api_enabled,40,YES,BOOL
store,plan_is_trial,41,YES,BOOL
store,logo_url,42,YES,STRING
store,wishlists_enabled,43,YES,BOOL
store,timezone_extended_display,44,YES,STRING
store,facebook_catalog_id,45,YES,STRING
store,default_site_id,46,YES,INT64
store,admin_email,47,YES,STRING
store,timezone_display,48,YES,STRING
store,default_channel_id,49,YES,INT64
store,dimension_units,50,YES,STRING
store,_fivetran_synced,51,YES,TIMESTAMP
store,_fivetran_deleted,52,YES,BOOL
store_blog_post,id,1,YES,INT64
store_blog_post,meta_description,2,YES,STRING
store_blog_post,thumbnail_path,3,YES,STRING
store_blog_post,body,4,YES,STRING
store_blog_post,meta_keywords,5,YES,STRING
store_blog_post,timezone,6,YES,STRING
store_blog_post,author,7,YES,STRING
store_blog_post,summary,8,YES,STRING
store_blog_post,timezone_type,9,YES,STRING
store_blog_post,title,10,YES,STRING
store_blog_post,published_date_iso_8601,11,YES,TIMESTAMP
store_blog_post,preview_url,12,YES,STRING
store_blog_post,is_published,13,YES,BOOL
store_blog_post,date,14,YES,DATETIME
store_blog_post,_fivetran_synced,15,YES,TIMESTAMP
store_blog_post,_fivetran_deleted,16,YES,BOOL
store_blog_tag,post_id,1,YES,INT64
store_blog_tag,tags,2,YES,STRING
store_blog_tag,_fivetran_synced,3,YES,TIMESTAMP
store_blog_tag,_fivetran_deleted,4,YES,BOOL
store_profile_setting,_fivetran_id,1,YES,STRING
store_profile_setting,store_address,2,YES,STRING
store_profile_setting,store_address_type,3,YES,STRING
store_profile_setting,store_email,4,YES,STRING
store_profile_setting,store_name,5,YES,STRING
store_profile_setting,store_phone,6,YES,STRING
store_profile_setting,_fivetran_synced,7,YES,TIMESTAMP
store_profile_setting,_fivetran_deleted,8,YES,BOOL
storefront_product_setting,_fivetran_id,1,YES,STRING
storefront_product_setting,default_preorder_message,2,YES,STRING
storefront_product_setting,show_add_to_cart_qty_box,3,YES,BOOL
storefront_product_setting,show_add_to_cart_link,4,YES,BOOL
storefront_product_setting,show_product_rating,5,YES,BOOL
storefront_product_setting,show_product_price,6,YES,BOOL
storefront_product_setting,show_breadcrumbs_product_pages,7,YES,STRING
storefront_product_setting,show_product_weight,8,YES,BOOL
storefront_product_setting,show_product_sku,9,YES,BOOL
storefront_product_setting,show_add_to_wishlist,10,YES,BOOL
storefront_product_setting,show_product_shipping,11,YES,BOOL
storefront_product_setting,show_product_brand,12,YES,BOOL
storefront_product_setting,_fivetran_synced,13,YES,TIMESTAMP
storefront_product_setting,_fivetran_deleted,14,YES,BOOL
subscriber,id,1,YES,INT64
subscriber,channel_id,2,YES,INT64
subscriber,email,3,YES,STRING
subscriber,date_modified,4,YES,TIMESTAMP
subscriber,order_id,5,YES,INT64
subscriber,last_name,6,YES,STRING
subscriber,first_name,7,YES,STRING
subscriber,source,8,YES,STRING
subscriber,date_created,9,YES,TIMESTAMP
subscriber,_fivetran_synced,10,YES,TIMESTAMP
subscriber,_fivetran_deleted,11,YES,BOOL
tax,name,1,YES,STRING
tax,amount,2,YES,FLOAT64
tax,checkout_id,3,YES,STRING
tax,_fivetran_synced,4,YES,TIMESTAMP
tax_class,id,1,YES,STRING
tax_class,date_created,2,YES,TIMESTAMP
tax_class,date_modified,3,YES,TIMESTAMP
tax_class,name,4,YES,STRING
tax_class,_fivetran_synced,5,YES,TIMESTAMP
tax_class,_fivetran_deleted,6,YES,BOOL
theme,uuid,1,YES,STRING
theme,is_private,2,YES,BOOL
theme,name,3,YES,STRING
theme,_fivetran_synced,4,YES,TIMESTAMP
theme,_fivetran_deleted,5,YES,BOOL
theme_variation,theme_id,1,YES,STRING
theme_variation,uuid,2,YES,STRING
theme_variation,description,3,YES,STRING
theme_variation,external_id,4,YES,STRING
theme_variation,name,5,YES,STRING
theme_variation,_fivetran_synced,6,YES,TIMESTAMP
theme_variation,_fivetran_deleted,7,YES,BOOL
widget,uuid,1,YES,STRING
widget,widget_configuration,2,YES,JSON
widget,channel_id,3,YES,STRING
widget,date_modified,4,YES,TIMESTAMP
widget,widget_template_id,5,YES,STRING
widget,name,6,YES,STRING
widget,version_uuid,7,YES,STRING
widget,icon_name,8,YES,STRING
widget,date_created,9,YES,TIMESTAMP
widget,description,10,YES,STRING
widget,_fivetran_synced,11,YES,TIMESTAMP
widget,_fivetran_deleted,12,YES,BOOL
widget_template,uuid,1,YES,STRING
widget_template,date_modified,2,YES,TIMESTAMP
widget_template,name,3,YES,STRING
widget_template,kind,4,YES,STRING
widget_template,template,5,YES,STRING
widget_template,current_version_uuid,6,YES,STRING
widget_template,icon_name,7,YES,STRING
widget_template,date_created,8,YES,TIMESTAMP
widget_template,storefront_api_query,9,YES,STRING
widget_template,_fivetran_synced,10,YES,TIMESTAMP
widget_template,_fivetran_deleted,11,YES,BOOL
wishlist,id,1,YES,INT64
wishlist,customer_id,2,YES,INT64
wishlist,is_public,3,YES,BOOL
wishlist,name,4,YES,STRING
wishlist,token,5,YES,STRING
wishlist,_fivetran_synced,6,YES,TIMESTAMP
wishlist,_fivetran_deleted,7,YES,BOOL
wishlist_item,id,1,YES,INT64
wishlist_item,product_id,2,YES,INT64
wishlist_item,variant_id,3,YES,INT64
wishlist_item,wishlist_id,4,YES,INT64
wishlist_item,_fivetran_synced,5,YES,TIMESTAMP
wishlist_item,_fivetran_deleted,6,YES,BOOL